,Sum
Baidu,1.0
@Meituan-Dianping,1.0
liuxiongbin@0easy.com,1.0
AxisSmart,1.0
中服软件,1.0
@xtTech,1.0
易势集团,1.0
ICBC,1.0
Ptmind,1.0
netease,1.0
Alibaba,1.0
Mars Programmer Monkey Study Company,1.0
平安,1.0
ENN,1.0
poprlz4,1.0
gener-tech,1.0
SnailGame,1.0
@Intel,1.0
CMB,1.0
Zhejiang University,1.0
2dfire,1.0
DHC,1.0
NCEPU,1.0
FF,1.0
ZZU/TJU,1.0
BUAA,1.0
@weibocom,1.0
hundsun,1.0
Company,1.0
Xidian University,1.0
None,1.0
eGenerationMarketing Inc,1.0
SJTU,1.0
bj bwtx,1.0
utry,1.0
chosen1cwp,1.0
META4ALL,1.0
哈尔滨工业大学软件工程股份有限公司,1.0
JD,1.0
VRVIU,1.0
@yaochi,1.0
@bankcomm.com,1.0
灯花社,1.0
Freelance,1.0
cisinfo.cn,1.0
@Baozun,1.0
vwane,1.0
China Telecom Corp.,1.0
Netease,1.0
EveBit/D1m,1.0
5i5j,1.0
hu,1.0
EEBBK,1.0
Midea,1.0
Tencent,1.0
PeakCode,1.0
developerstation,1.0
XES,1.0
玩玩,1.0
@trackingi,1.0
IBM China,1.0
Fotoable,1.0
zz,1.0
上海火刀石网络科技,1.0
Leapstac,1.0
Grab Taxi,1.0
Empty,1.0
@Zetyun,1.0
@nuban,1.0
HIT,1.0
No.1,1.0
山东中孚信息股份有限公司,1.0
ysu,1.0
喜马拉雅FM,1.0
BJTU,1.0
MTDP,1.0
newland,1.0
PowerE2E,1.0
ina.com.cn,1.0
irding,1.0
UOIU,1.0
重庆易极付科技有限公司,1.0
Kingsoft,1.0
Pinsong Software Technology,1.0
中国知网,1.0
北京文云易迅科技有限公司,1.0
Alibaba Group,1.0
北京大公司,1.0
Tecent,1.0
Soochow University,1.0
@Baidu,1.0
北京金色乐途网络科技有限公司,1.0
"JD.com, Inc.",1.0
tuniu,1.0
米森网络科技,1.0
@baidu,1.0
Gome,1.0
Baomihua,1.0
null,1.0
IBM,1.0
GaoDig,1.0
uning,1.0
Chinese Academic of Science,1.0
wesodm,1.0
aokayTech,1.0
郑州天点科技,1.0
OSU,1.0
"RenRen,Meituan",1.0
Samsung Electronic,1.0
xjtu.EE,1.0
ta,1.0
江南大学,1.0
济宁幻影网络科技有限公司,1.0
吉林一中,1.0
Hebei University of Technology,1.0
techfantasy,1.0
University of Rocheste,1.0
xiziy2@illinois.edu,1.0
BBK,1.0
carl zei,1.0
Otaku,1.0
England,1.0
cqzuxia,1.0
Gfire,1.0
TianCha,1.0
万方数据 WANFANGDATA,1.0
Vonjia,1.0
个人,1.0
E-plugge,1.0
AntFinancial,1.0
China,1.0
hulu,1.0
HUAWEI,1.0
西风军,1.0
ibrave.net,1.0
XingTang,1.0
用友,1.0
NEFU,1.0
AboutDEPT,1.0
AutoHome .inc,1.0
xinln,1.0
xiurong.hxr@120yibao.com,1.0
www.innfotech.com,1.0
medlinke,1.0
飒玲晴,1.0
上海网达软件股份有限公司,1.0
VIP,1.0
zhvdata,1.0
ND,1.0
qege,1.0
"Ruibu,Inc.",1.0
Nuance,1.0
@meituan.com,1.0
didi,1.0
pa,1.0
yidianzixun.com,1.0
PinDuoDu,1.0
南京世纪桥软件系统工程有限公司,1.0
SY,1.0
vmware,1.0
Fudan University,1.0
"Zunyi zhongchang Network Technology Co., Ltd.",1.0
https://www.didiglobal.com/,1.0
TZJ,1.0
TVM,1.0
YZ,1.0
hangzhou - edusoh,1.0
Strudent,1.0
MGTV,1.0
格林吉,1.0
Ctrip.com,1.0
CSU,1.0
SCU (university),1.0
Nebulagene,1.0
meituan,1.0
@Tencent,1.0
Shinetech,1.0
nokia,1.0
NTU,1.0
ctrip.com,1.0
Giant Net,1.0
Doit,1.0
Ubisoft,1.0
墨菲科技,1.0
hitron,1.0
@Miracnet,1.0
Peking University,1.0
Jilin University,1.0
cdv,1.0
PBC,1.0
麦克白,1.0
eave,1.0
JD.COM,1.0
Personal Develope,1.0
bangle i,1.0
"Xiamen Zouyun Network Technology Co., Ltd.",1.0
www.huangshaoyan.me,1.0
ingyon,1.0
wwl.inc,1.0
"Huawei Technologies Co., Ltd.",1.0
www.swun.edu.com,1.0
State Street,1.0
Northwest A&amp;F University,1.0
Artificial intelligence (AI),1.0
COM,1.0
ugon,1.0
开源中国,1.0
qih,1.0
无,1.0
Random,1.0
EBupt,1.0
Tango.me,1.0
丢猫工作室,1.0
XI‘an,1.0
快乐格子,1.0
@SAP,1.0
"Hangzhou Enter Electronic Technology Co., Ltd. @EnterTech",1.0
@HUAWEI,1.0
ECUST,1.0
Onecloud.cn,1.0
中国科学技术大学,1.0
"None, if any company is employing?",1.0
mic,1.0
jd.com,1.0
好未来,1.0
HEC Pari,1.0
"Yunnan Shuke Technology Co,.Ltd.",1.0
广州群志科技股份有限公司,1.0
alipay.com,1.0
@clrsdream,1.0
"Huawei Technologies Co.,Ltd.",1.0
Nop,1.0
Ctrip,1.0
jd,1.0
ROSINSON,1.0
National Instrument,1.0
uiy,1.0
hrgame,1.0
-,1.0
Terminu,1.0
ist.more,1.0
baidu,1.0
Citigroup Software and Technology Service (CSTS),1.0
UESTC,1.0
zettakit,1.0
Perfectworld,1.0
eiResearch,1.0
Nanjing University,1.0
viv,1.0
Chongqing University,1.0
none,1.0
prafly,1.0
Start-UP,1.0
"Beijing Xinhulian Technology Co., Ltd",1.0
乐视网,1.0
hangzhou leman,1.0
NO,1.0
evolsun,1.0
alibaba,1.0
兰州拓维信息技术有限责任公司,1.0
COCO,1.0
Musicpp GmBH,1.0
zzz,1.0
bsdroid.com,1.0
ibm,1.0
PDD,1.0
angyoukeji.Inc,1.0
buybal,1.0
Data Industry,1.0
JWI,1.0
Vteam System,1.0
ETO,1.0
hanke,1.0
BadPixel,1.0
RED,1.0
"ICT,CAS",1.0
@TENCENT,1.0
Reyin,1.0
Shanghai Jiao Tong University,1.0
@clothesmake,1.0
young,1.0
Xiaomi,1.0
tencent,1.0
DIDI,1.0
联发科技,1.0
Zeroth Law Studi,1.0
Southeast University,1.0
THU,1.0
SDJU,1.0
eedom,1.0
Promni 智慧全景,1.0
中国新闻社-China News Service,1.0
jialidun,1.0
ee job,1.0
成都信息工程大学,1.0
Suning,1.0
NTNU,1.0
Yitu Singapore,1.0
SYSU,1.0
w,1.0
SeraPlu,1.0
"Boshland, Inc.",1.0
ciety,1.0
Data Cloud Co. Ltd.,1.0
Danamica,1.0
isoftstone,1.0
wistron,1.0
uestc,1.0
社会主义指定接班人,1.0
Northeast Forestry University,1.0
ebridge,1.0
RCC China,1.0
University of electronic science and technology of China,1.0
"2018新疆改造中心，1989六四事件，1999法轮功 ，2019 996.ICU, 2018包子露宪，2015 710律师劫，2015巴拿马文件 邓家贵，2017低端人口，2008西藏骚乱&lt;script&gt;alert(1)&lt;/script&gt;",1.0
e.com,1.0
SJU,1.0
cjia.com,1.0
n my own,1.0
"FreeLance, Pre SAP Labs, Microsoft",1.0
n,1.0
china,1.0
work from home,1.0
@Microsoft,1.0
Machine Learning &amp; Artificial  mental retardation,1.0
Eastern Liaoning University,1.0
Yeecent,1.0
XiandianzikejiUniversity,1.0
北京旭阳群美科技有限公司,1.0
Startup,1.0
Industry Illusion,1.0
Student,1.0
uiniuini.lnc,1.0
China University of Geoscience,1.0
meicloud,1.0
FIO.China,1.0
Tongji University,1.0
Free,1.0
not public,1.0
Squatted home company,1.0
meicai,1.0
http://www.myheyufei.com,1.0
@kivra-finland,1.0
KIT,1.0
Beijing,1.0
南京航空航天大学,1.0
上海捷羿软件有限公司,1.0
@zhangsheng377,1.0
http://site.douban.com/185696/,1.0
Hangzhou Dianzi University,1.0
peersafe,1.0
@plusserve,1.0
eedomMan,1.0
Tsinghua University,1.0
NJUST,1.0
"Institute of Semiconductror, Chinese Academy of Science",1.0
Edanz Group Limted,1.0
coupang,1.0
ageazrael,1.0
"Zemcho, Inc.",1.0
Hsiao Lin Studi,1.0
Delphing,1.0
仕事ないし,1.0
东方财富信息股份有限公司,1.0
not have,1.0
Tencent Wechat,1.0
@ouriri,1.0
东莞团贷网互联网科技服务有限公司,1.0
Massachusetts Institute of Technology,1.0
National Chiao Tung University,1.0
American SHENGDIYAGE,1.0
大唐融合,1.0
lemon,1.0
欢哥网,1.0
Xi'an Jiaotong-Liverpool University,1.0
Neoclub,1.0
zynga,1.0
@freehackquest,1.0
moebu,1.0
UIT,1.0
www.microcred.com,1.0
Shaoguan University,1.0
OBTC,1.0
"SpeechLab, Shanghai Jiao Tong University(SJTU)",1.0
@google,1.0
unforest,1.0
NJUCS,1.0
Dandevri,1.0
Agide,1.0
BISTU,1.0
@adform,1.0
呵呵,1.0
HUST,1.0
Nokia,1.0
China Financal Online,1.0
RoundGIS Lab,1.0
Navin,1.0
parkp,1.0
LinkedIn,1.0
IQIYI,1.0
ReID object-Detection,1.0
@youzan,1.0
uhan University,1.0
Guangdong University of Technology,1.0
@artec,1.0
"uhan University, School of Water Resources and Hydropower Engineering",1.0
Shanghai Jiaotong University,1.0
Eden,1.0
"ICT, CAS",1.0
Stevens Institute of Technology,1.0
anxcn,1.0
ecjtu,1.0
南瓜姑娘,1.0
MapTal,1.0
YY.inc,1.0
upc@edu.cn,1.0
huanqiufeichuan,1.0
AHPU,1.0
Hebei University Of Technology,1.0
David's Neighbou,1.0
南阳理工,1.0
Hydro-c,1.0
Anyw,1.0
HPE,1.0
@fudan,1.0
Rice University,1.0
National Univeristy of Singapore,1.0
yuanchuang,1.0
@sfu-db,1.0
Technavneet IT Solution,1.0
BUPT,1.0
HFS,1.0
BeiDaQingNia,1.0
Fuiny Technology,1.0
Golden Wate,1.0
北京朋盛科技有限公司,1.0
Lanzhou University,1.0
DMG @ UIUC,1.0
whut,1.0
Airbnb,1.0
Guizhou University,1.0
@ University of Birmingham,1.0
深圳博顺网络科技有限公司,1.0
CETC,1.0
BUPT &amp; THU,1.0
uhan University of Technology,1.0
@null,1.0
SenseTime,1.0
hust,1.0
Indeed Inc.,1.0
LCU,1.0
IBM Watson,1.0
wsalix,1.0
megvii,1.0
CUMT,1.0
SiFive China,1.0
Pattern Recognition Group (at NUST),1.0
Central University of Finance and Economic,1.0
@Codelympian,1.0
Sun Yat-sen University,1.0
@amzn,1.0
Xiyou Linux Group,1.0
GXSMJX,1.0
Tsinghua-NISL,1.0
PingAn,1.0
ee,1.0
XJTU,1.0
GreatMap,1.0
@thoughtw,1.0
Shanghai Jian Qiao University,1.0
Tsinghua,1.0
USC,1.0
eGate-Solution,1.0
Columbia University,1.0
CASHWAY,1.0
@Azure Microsoft,1.0
RashaVAS,1.0
ZJU,1.0
uc,1.0
@Huawei,1.0
Alisport,1.0
自由中,1.0
Moodp,1.0
H,1.0
The Hong Kong Polytechnic University,1.0
University of Texas at Austin,1.0
InfoQ,1.0
https://github.com/eosforce,1.0
SEMS,1.0
cgsoft,1.0
SEU,1.0
Sansei Stone,1.0
Add a company,1.0
NEU-NJU,1.0
China credit information Limited,1.0
MRM,1.0
中国科学院工程热物理研究所,1.0
@Salesforce,1.0
dust,1.0
NCHU,1.0
Ant Financial,1.0
Dalhousie university,1.0
CISH,1.0
COWA INC,1.0
Lenov,1.0
Boostfield,1.0
Boston University,1.0
Nodex,1.0
FREE,1.0
iboxpay.com,1.0
ZTE Inc.,1.0
Xiamen University,1.0
北京和利时集团,1.0
TJU,1.0
ZLG,1.0
ind Rive,1.0
Sichuan Agricultural University,1.0
nothing,1.0
UMass / Microsoft,1.0
aiban,1.0
nncz,1.0
liasica,1.0
江苏呈祥,1.0
Duke University,1.0
@sendgridlab,1.0
@amazon.com,1.0
tsinghua,1.0
华中科技大学,1.0
GHBB,1.0
@浙江工业大学,1.0
"Computer Network Information Center, Chinese Academy of Science",1.0
Xi'an Jiao Tong university,1.0
@Shopify,1.0
Linfeng and his friend,1.0
https://www.thepaper.cn,1.0
mittop,1.0
Z-Tech,1.0
@apple,1.0
DLUT,1.0
SMS-Group,1.0
NYU,1.0
Alibaba Inc,1.0
Ericsson,1.0
Carnegie Mellon University,1.0
Azavea,1.0
zhejiang University,1.0
Erth Inc,1.0
@Numberly,1.0
XL7Z x XL8Z,1.0
UC Irvine,1.0
University of Illinoi,1.0
AutoAlert LLC,1.0
hift72,1.0
University of Colorado Colorado Spring,1.0
Nixbox Consulting,1.0
Purdue University,1.0
zhanglei,1.0
Omega Sistemas/Unic,1.0
UCLA,1.0
@ismm,1.0
SAP,1.0
@fuzzy-ai,1.0
Sensei,1.0
Microsoft,1.0
Microsoft Research India,1.0
News &amp; Advertising,1.0
MSKCC,1.0
Texas A&amp;M University,1.0
Google,1.0
"RetailMeNot, Inc.",1.0
HITSZ,1.0
@saleae,1.0
Boston Globe Media Partne,1.0
maxx,1.0
Stony Brook University,1.0
@VoltDB,1.0
University of Miami,1.0
YZU NSRC,1.0
w-i,1.0
@latarc,1.0
University of Illinois at Urbana-Champaign,1.0
"Institute of Neuroinformatics, University of Zurich and ETH Zurich",1.0
"SDIC, CloudTeam, Shanghai, China",1.0
Unemployed,1.0
@Asquera,1.0
NCKU,1.0
@avanade,1.0
SDE@AWS,1.0
amper  - ?,1.0
PKU-&gt;ICST-&gt;CPDP-&gt;VDIG,1.0
Kuna,1.0
"Linode, LLC @linode",1.0
BONC_东方国信,1.0
@1debit,1.0
School Of Freelancing,1.0
"University of Missouri, Columbia",1.0
@xiaomi,1.0
@TarsNET  @Shriek-Project,1.0
Beijing University of Posts and Telecommunication,1.0
Tencent IEG,1.0
UC Berkeley,1.0
1919.cn,1.0
hzresp,1.0
EQUES Technology Corp.,1.0
Loon,1.0
@AcklenAvenue,1.0
机敏科技,1.0
@delta,1.0
BORN Group,1.0
@VirginiaTech,1.0
Tomocube,1.0
Fat nerd,1.0
@Flipkart,1.0
yucheng,1.0
@webedia-brasil,1.0
@PyCN @Alipay @Antfin,1.0
TJ University,1.0
Meetup x We,1.0
Opt,1.0
University of Pittsburgh,1.0
SHMTU,1.0
IFS,1.0
TUT.FI,1.0
didichuxing,1.0
Pyxida,1.0
microsoft,1.0
USTC,1.0
Microshaoft,1.0
@kontal,1.0
@SuperMap,1.0
VIME,1.0
Coastal Cloud,1.0
Acast AB,1.0
TOT Public Company,1.0
水杉数字科技（常州）有限公司,1.0
浙商期货,1.0
@PLaSSticity,1.0
Universty of Science and Technology of China,1.0
Sun Yat-Sen University,1.0
nhri,1.0
@cytora,1.0
Hahow Inc.,1.0
@Hivebrite,1.0
江西师大附中,1.0
Fudan Unitverity,1.0
NULL,1.0
not founded yet,1.0
金蝶医疗软件科技有限公司,1.0
Student at EPITECH,1.0
Daily tous les jou,1.0
@messagebird,1.0
@dayta-ai,1.0
University of Melbourne,1.0
Fonlow,1.0
@brickblock-i,1.0
@AgoraLab,1.0
Ecole Polytechnique,1.0
Threatbear Cybersecurity,1.0
giulianovarriale.com,1.0
ecrecy,1.0
N/A,1.0
@etalab @entrepreneur-interet-general,1.0
ABB Robotic,1.0
MAiQi's STUDIO,1.0
Digihail,1.0
youmi,1.0
@ChainSafeSystem,1.0
Scalr Lab,1.0
Daimler AG,1.0
菁英科技,1.0
"@nutcore-net Nutcore Co.,Ltd.",1.0
Trxny,1.0
@EverwareIO,1.0
@BUPT Beijing University of Posts and Telecommunication,1.0
RWTH Aachen,1.0
Nsi,1.0
hunan college of information,1.0
levelup.ai,1.0
Convidera GmbH,1.0
"Ping An Technology (Shenzhen) Co., Ltd.",1.0
@r3kapig,1.0
urbrande,1.0
HFG SHENZHEN,1.0
重庆邮电大学,1.0
USTB,1.0
Digital Campu,1.0
Jilin uni,1.0
108km tech Ltd.,1.0
Digital Capital,1.0
CashPositive,1.0
中奥科技,1.0
TCL,1.0
zte,1.0
@DISMGryphon,1.0
IBM Research and EMAp/FGV,1.0
University of Cardi,1.0
ZHDI,1.0
211 Special Force Studi,1.0
UCL,1.0
mog,1.0
Leka Inc. - @weareleka,1.0
H?mmer Electronic,1.0
The Brain,1.0
ePillars Systems LLC,1.0
@MoeNetw,1.0
ZTO EXPRESS,1.0
@node-stoc,1.0
inshare,1.0
Huazhong University of science and technology,1.0
Southeast University(@seu),1.0
"eldtech Technology Co.,Ltd.",1.0
Korean Progressive Network 'Jinbonet',1.0
@achiive,1.0
Kl,1.0
3pjgames.com,1.0
hk01.com,1.0
NCS Pte Ltd,1.0
@BukkitAPI-Translation-Group @DeepinMC,1.0
Polyconseil,1.0
XWG,1.0
GX University,1.0
IHEP,1.0
HIT/HSU,1.0
JNU,1.0
@Alfa-Bank-dev,1.0
UC San Dieg,1.0
Self-Employed,1.0
@moiot,1.0
Epoint,1.0
"Horizon Robotics, Inc.",1.0
Harbin Institute of Technology,1.0
PricewaterhouseCoope,1.0
whu,1.0
China University of Geosciences (Wuhan),1.0
GEEK,1.0
NPU,1.0
Louis Studi,1.0
Amazon,1.0
ZUCC,1.0
Qihoo360,1.0
Onmedresearch @onmedresearch,1.0
chobit,1.0
Breword,1.0
NC state,1.0
Sichuan university,1.0
The University of Tokyo/NII,1.0
Midnite Ninja Innovation,1.0
Codenia Technologies LLP,1.0
inobase,1.0
@suralin,1.0
湖南大学,1.0
gree,1.0
Huasheng Technology Ltd.,1.0
Google.Inc.,1.0
EMC,1.0
Daylight Studi,1.0
DHU,1.0
Chongqing Key Laboratory of Signal and Information Processing,1.0
@PayCertify @PHPSC @Arduino-SC,1.0
dankegongyu.com,1.0
thoughtw,1.0
"Agentec Co.,Ltd.",1.0
a company,1.0
Qingdao GulesBerry,1.0
huarui,1.0
@ctrip.com,1.0
AS LHV Pan,1.0
Guazi,1.0
Home,1.0
Symbi,1.0
@loomnetw,1.0
SimpleNexu,1.0
eProgress s.r.o.,1.0
"TeamH4C,FirstACE",1.0
liuxin@fcyun.com,1.0
Shandong University,1.0
https://www.sico2sico.cn,1.0
ByteDance Inc.,1.0
SZU,1.0
CQU,1.0
York University,1.0
微我,1.0
NiuPai,1.0
Broadteam,1.0
Yahoo!,1.0
Simtech,1.0
Faceb,1.0
China Railway Eryuan Engineering Group CO.LTD,1.0
"University of Illinois, Urbana-Champaign",1.0
@honeyscience,1.0
AMEC,1.0
@HyperbolaStudi,1.0
desicode,1.0
School,1.0
Dalian Maritime University,1.0
BUPT &amp; PSU,1.0
"CS, PKU",1.0
N,1.0
"Sichuan Gather software Co.,Ltd.",1.0
University of Toront,1.0
Full time student,1.0
du,1.0
Cool,1.0
Improbable,1.0
UFSCa,1.0
Student: Grade 11,1.0
intone,1.0
Australian National University,1.0
Alauda,1.0
小壹在线,1.0
3plus.ltd,1.0
East China University of Science and Technology (ECUST),1.0
nd,1.0
DevHaus Innovation,1.0
"Alipay, Alibaba",1.0
chinatelecom,1.0
@Paratera,1.0
Conny Tech,1.0
CANVIZ LLC,1.0
liberal profession,1.0
ccnu,1.0
dadinghaiyizhong,1.0
@RoosterTeethProduction,1.0
vry studi,1.0
uhan University;@tencent,1.0
Temand,1.0
UCSD,1.0
Tencent QQ : 1145232806,1.0
@connexta,1.0
"CSE, UNS",1.0
www.h3c.com.cn,1.0
"Math Dept. Fudan, SCMS",1.0
Beijing Normal University,1.0
Florida International University,1.0
University of Southern California,1.0
RS&amp;GIS,1.0
Personal,1.0
Lewis &amp; Clark College,1.0
Kookmin University,1.0
Trimble,1.0
CI Estrada Velasquez - @estradav,1.0
GWU,1.0
@Esri,1.0
"Union Life Insurance Company , China",1.0
@CBAInnovationLab,1.0
@databric,1.0
CISCO,1.0
"Minio, Inc.",1.0
EOS Detroit,1.0
Incoming SWE intern @ Twili,1.0
@BitesizedCode,1.0
"University of California, Berkeley",1.0
Tokyo Rabbit House,1.0
@adobe-photoshop,1.0
Math,1.0
Louisiana State University,1.0
@Umbrella,1.0
University of Texas at Dalla,1.0
torproject.org,1.0
Nomura,1.0
NCSU,1.0
@UniversityOfAlberta,1.0
Resultados Digitai,1.0
ESI Informatique,1.0
atji,1.0
@RedFoxTech / @taggli,1.0
@checkdomain GmbH,1.0
jocstech,1.0
@Stanford @AWS,1.0
Codeminer42,1.0
bloomberg,1.0
Snowflake Computing,1.0
@PaloAlt,1.0
@IBM Canada,1.0
@cub,1.0
GitHub,1.0
@ApplauseAQI,1.0
BUU,1.0
HOK,1.0
Hundred,1.0
@workc,1.0
Almen SP Dooel,1.0
"University of Maryland, Baltimore County",1.0
Samsung Brasil,1.0
http://www.douban.com/,1.0
Regen Netw,1.0
@MindTickle,1.0
Northeastern University,1.0
RedMedia,1.0
"Sterblue, FFCK",1.0
University of Central Florida,1.0
Massachusetts Institute of Technology (MIT),1.0
@ProjetoIncluirUFMG,1.0
TU München (TUM),1.0
University of Southampton,1.0
@pendo-i,1.0
Creative Front-End Develope,1.0
AISExyz,1.0
Johns Hopkins University,1.0
@Healthera,1.0
@RaccoonProgrammerStudi,1.0
University of British Columbia,1.0
loliwarde,1.0
Moscow.pm,1.0
axial.net,1.0
"@NewfirePartners, @unitio-org, @urwid",1.0
Michigan State University,1.0
PKU,1.0
华南理工大学―计算机科学与工程学院,1.0
Cornell Univeristy,1.0
XOrange Studio (formerly XiaoJSoft).,1.0
SCAU,1.0
The University of Texas MD Anderson Cancer Cente,1.0
ABC,1.0
TechCongre,1.0
Deepfield,1.0
Huawei,1.0
七空幻音,1.0
Oregon State University,1.0
University of Washington,1.0
University of Waterl,1.0
重庆黑豹科技有限公司,1.0
&lt;3,1.0
Youtube,1.0
Borisov &amp; Co.,1.0
CS&amp;S,1.0
Alibaba Business College HZNU,1.0
Futura DDB,1.0
@bouvet,1.0
@ifactory-solution,1.0
电子科技大学,1.0
Cryoocyte,1.0
@evidentpoint,1.0
Seung Lab,1.0
Eindhoven University of Technology,1.0
Lyft,1.0
MisterJ,1.0
Luizalab,1.0
Moshine,1.0
@lyft,1.0
中国海洋大学 Ocean University Of China,1.0
Center for Advanced Transportation Technology (CATT Lab),1.0
mobifeel.com,1.0
@Jailbreak-Paris @codeforfr @ogptoolbox,1.0
SAE.TDK,1.0
Pure Development,1.0
Red Hat - @openshift,1.0
Signifyd,1.0
@verypossible,1.0
Slalom Build,1.0
"Linky, LLC",1.0
"CDHengSu Tech Co.ltd,China",1.0
@tencent,1.0
Epitech,1.0
National University of Singapore,1.0
University of Illinois at Chicag,1.0
@IsuCsie,1.0
ELS,1.0
GTVT HN K56 giao th?ng c?ng chính,1.0
@moefront,1.0
"ShangHai Biliang Network Technology Co., Ltd.",1.0
maichongyun,1.0
Gravity Works Design &amp;  Development,1.0
@GoSecurity,1.0
UMD,1.0
